id;name;description;upload_date;file_location
1;or aw;impeccable con sure-footed;2024-05-05T23:18:02;challenge
2;unequaled;reach raid wiretap;2024-05-06T05:46:24;from appearance gee
3;modulo;towards;2024-05-06T16:14:30;shear austere
4;compensate;bah whenever wherever;2024-05-06T06:48:37;how gah stravaig
5;potentially for;gee;2024-05-06T08:08:11;update and untidy
6;in plus mime;notwithstanding;2024-05-06T08:24:28;astride but yum
7;miscalculate volumize;sheathe youthfully;2024-05-05T22:50:09;whoa ice
8;yum educated;innocently patiently;2024-05-06T04:15:21;upon ha nab
9;coordinate garment energetically;youthfully midst conformation;2024-05-05T22:07:32;cool unhealthy subtract
10;knowledgeably woot;column;2024-05-06T02:31:26;breastplate deviance possible
