id;name;subject;email;fee_per_hour
1;agonizing over;blindly;Lucas37@gmail.com;13860.65
2;what;yet hopelessly;Raven_DuBuque4@hotmail.com;30977.21
3;angry so huzzah;towards;Allen_Abernathy@gmail.com;7915.83
4;digitize;safe fooey;Wilbert35@hotmail.com;3628.75
5;sorghum noxious pleasing;along;Guadalupe70@yahoo.com;23856.12
6;elated pro whoa;drat;Rowena67@gmail.com;206.11
7;verge;aircraft;Domenico96@yahoo.com;1394.41
8;concerning;whose because tempt;Rashad_Muller44@gmail.com;17868.06
9;dangerous hmph before;angrily or;Kaylie.Schiller@yahoo.com;32267.01
10;afore including;among wherever bare;Frida93@hotmail.com;7492.39
